id,original_title,title,original_language,overview,tagline,release_date,poster_path,popularity,vote_count,vote_average,budget,revenue,runtime,status,adult,backdrop_path,genre_names,collection,collection_name
760161,Orphan: First Kill,Orphan: First Kill,en,"After escaping from an Estonian psychiatric facility, Leena Klammer travels to America by impersonating Esther, the missing daughter of a wealthy family. But when her mask starts to slip, she is put against a mother who will protect her family from the murderous “child” at any cost.",There's always been something wrong with Esther.,2022/7/27,/pHkKbIRoCe7zIFvqan9LFSaQAde.jpg,5088.584,902,6.9,0,9572765,99,Released,FALSE,/5GA3vV1aWWHTSDO5eno8V5zDo8r.jpg,"Horror, Thriller",760193,Orphan Collection
760741,Beast,Beast,en,"A recently widowed man and his two teenage daughters travel to a game reserve in South Africa. However, their journey of healing soon turns into a fight for survival when a bloodthirsty lion starts to stalk them.",Fight for family.,2022/8/11,/xIGr7UHsKf0URWmyyd5qFMAq4d8.jpg,2172.338,584,7.1,0,5.60E+07,93,Released,FALSE,/2k9tBql5GYH328Krj66tDT9LtFZ.jpg,"Adventure, Drama, Horror",NA,NA
882598,Smile,Smile,en,"After witnessing a bizarre, traumatic incident involving a patient, Dr. Rose Cotter starts experiencing frightening occurrences that she can't explain. As an overwhelming terror begins taking over her life, Rose must confront her troubling past in order to survive and escape her horrifying new reality.","Once you see it, it’s too late.",2022/9/23,/hiaeZKzwsk4y4atFhmncO5KRxeT.jpg,1863.628,114,6.8,1.70E+07,4.50E+07,115,Released,FALSE,/mVNPfpydornVe4H4UCIk7WevWjf.jpg,"Horror, Mystery, Thriller",NA,NA
756999,The Black Phone,The Black Phone,en,"Finney Blake, a shy but clever 13-year-old boy, is abducted by a sadistic killer and trapped in a soundproof basement where screaming is of little use. When a disconnected phone on the wall begins to ring, Finney discovers that he can hear the voices of the killer’s previous victims. And they are dead set on making sure that what happened to them doesn’t happen to Finney.",Never talk to strangers.,2022/6/22,/lr11mCT85T1JanlgjMuhs9nMht4.jpg,1071.398,2736,7.9,18800000,1.61E+08,103,Released,FALSE,/AfvIjhDu9p64jKcmohS4hsPG95Q.jpg,"Horror, Thriller",NA,NA
772450,Presencias,Presences,es,"A man who loses his wife and goes to seclude himself in a cabin in the woods, where strange things happen.",NA,2022/9/7,/dgDT3uol3mdvwEg0jt1ble3l9hw.jpg,1020.995,83,7,0,0,0,Released,FALSE,/ojfzhdwRemcDt1I6pao6vVLw9AA.jpg,Horror,NA,NA
1014226,Sonríe,Sonríe,es,NA,NA,2022/8/18,/wHowKf77gNZbVo9yu5ggiNBFCdJ.jpg,939.712,1,1,0,0,0,Released,FALSE,NA,"Horror, Thriller",NA,NA
717728,Jeepers Creepers: Reborn,Jeepers Creepers: Reborn,en,"Forced to travel with her boyfriend to a horror festival, Laine begins to experience disturbing visions associated with the urban legend of The Creeper. As the festival arrives and the blood-soaked entertainment builds to a frenzy, she becomes the center of it while something unearthly has been summoned.",Evil Rides Again,2022/9/15,/aGBuiirBIQ7o64FmJxO53eYDuro.jpg,821.605,125,5.8,2.00E+07,2892594,88,Released,FALSE,/tIX6j3NzadlwGcJ52nuWdmtOQkg.jpg,"Horror, Mystery, Thriller",94899,Jeepers Creepers Collection
762504,Nope,Nope,en,"Residents in a lonely gulch of inland California bear witness to an uncanny, chilling discovery.",What’s a bad miracle?,2022/7/20,/AcKVlWaNVVVFQwro3nLXqPljcYA.jpg,733.112,1684,7,6.80E+07,170800000,130,Released,FALSE,/xVbppM1xgbskOKgOuV8fbWBWHtt.jpg,"Horror, Mystery, Science Fiction, Thriller",NA,NA
927341,Hunting Ava Bravo,Hunting Ava Bravo,en,"Billionaire sportsman Buddy King unwinds by hunting human captives on his remote mountain estate. But his latest victim, Ava Bravo is no easy target.","""If I die, you die""",2022/4/1,/etc6HKBEhNySNnYU2nRgbSeIyoW.jpg,574.832,73,6.5,0,0,90,Released,FALSE,/pkLegAR3G5T63B2Xz2ijbD1BAm8.jpg,"Action, Adventure, Crime, Drama, Horror, Mystery, Thriller, War",NA,NA
760104,X,X,en,"In 1979, a group of young filmmakers set out to make an adult film in rural Texas, but when their reclusive, elderly hosts catch them in the act, the cast find themselves fighting for their lives.",Dying to show you a good time.,2022/3/17,/woTQx9Q4b8aO13jR9dsj8C9JESy.jpg,543.67,1035,6.8,1.00E+07,14257609,106,Released,FALSE,/21ldFAokKVjwzi1SHXoPb5gc7md.jpg,"Horror, Mystery, Thriller",950289,X Collection
836225,The Exorcism of God,The Exorcism of God,en,"An American priest working in Mexico is considered a saint by many local parishioners. However, due to a botched exorcism, he carries a secret that’s eating him alive until he gets an opportunity to face his demon one final time.",God and the Devil cannot exist in the same body.,2022/3/11,/hangTmbxpSV4gpHG7MgSlCWSSFa.jpg,537.252,637,7.3,1500000,0,98,Released,FALSE,/b1L7qevxiVpkVFq4dmdQPGFPWH0.jpg,Horror,NA,NA
801071,The Jack in the Box: Awakening,The Jack in the Box: Awakening,en,"When a vintage Jack-in-the-box is opened by a dying woman, she enters into a deal with the demon within that would see her illness cured in return for helping it claim six innocent victims.",Once you open the box... you can't escape it.,2022/2/24,/3Ib8vlWTrAKRrTWUrTrZPOMW4jp.jpg,527.579,157,6.4,0,0,89,Released,FALSE,/xHRabofjmMGoIV3mb6xgy4nwOcS.jpg,Horror,916357,Jack in the Box Collection
852830,Torn Hearts,Torn Hearts,en,"A promising up-and-coming country duo seek out the secluded mansion of their idol Harper Dutch, a former country music star and Nashville royalty turned recluse. What starts out as a friendly visit devolves into a twisted series of horrors forcing the friends to confront the lengths they will go to in pursuit of their dreams.",NA,2022/5/20,/w8dSAuMHUgx0lYSB6wAAURStcGM.jpg,525.876,39,6.1,0,0,97,Released,FALSE,/t6Fs0EOFIxzEGHZLHxJ3v7K4JRB.jpg,"Horror, Music, Thriller",NA,NA
758724,The Cellar,The Cellar,en,"When Keira Woods' daughter mysteriously vanishes in the cellar of their new house in the country, she soon discovers there is an ancient and powerful entity controlling their home that she will have to face or risk losing her family's souls forever.",An ancient evil has awoken.,2022/3/25,/rtfGeS5WMXA6PtikIYUmYTSbVdg.jpg,513.757,257,6.6,0,0,94,Released,FALSE,/qViFGWCHaSmW4gP00RGh3xjMjsP.jpg,"Horror, Mystery",NA,NA
816952,My Best Friend's Exorcism,My Best Friend's Exorcism,en,"The year is 1988. Abby and Gretchen have been best friends since fourth grade. After an evening of skinny-dipping goes disastrously wrong, Gretchen begins to act…different, which leads Abby to suspect her best friend may be possessed by a demon. With help from some unlikely allies, Abby embarks on a quest to save Gretchen. But is their friendship powerful enough to beat the devil?",True friendship is worth going to hell and back.,2022/9/29,/yIXICkqthsqbNtvtEd6rpIt3cT4.jpg,501.921,43,6.1,0,0,96,Released,FALSE,/gX6VtQ7X6GRvcJQJhFZO9ZJ00q7.jpg,"Comedy, Horror",NA,NA
755566,Day Shift,Day Shift,en,An LA vampire hunter has a week to come up with the cash to pay for his kid's tuition and braces. Trying to make a living these days just might kill him.,Some jobs really go for the throat.,2022/8/10,/bI7lGR5HuYlENlp11brKUAaPHuO.jpg,449.683,1129,6.9,0,0,113,Released,FALSE,/5L6RPHHUFlsliTqKRmUxFnIkXpR.jpg,"Action, Comedy, Fantasy, Horror",NA,NA
896448,Beneath the Surface,Beneath the Surface,en,"A young woman survives a great white shark attack, whilst on a family boating vacation, however soon realizes the nightmare is far from over. Those around her can not be trusted, and she must face her demons, if she is to step back in the water.",Prey you will make it out alive!,2022/4/1,/xXE9IDEFiye0zNzmnT0eUDbGyVI.jpg,412.34,50,6.9,0,0,93,Released,FALSE,/cetU6lsj5bFCCFTWezGISmYwDAG.jpg,"Fantasy, Horror, Mystery, Thriller",NA,NA
629015,Shut In,Shut In,en,A young single mother is held captive along with her two children by a violent ex and must plot their escape before it’s too late.,The will to live is found within.,2022/3/24,/b5ug4LyLQFeR6azAJyIPBQz5ur9.jpg,399.436,224,7.2,0,304106,90,Released,FALSE,/ufagam4FwlIcgPqJlr21EshNkNd.jpg,"Horror, Thriller",NA,NA
661791,La abuela,The Grandmother,es,"A Paris model must return to Madrid where her grandmother, who raised her, has had a stroke. But spending just a few days with this relative turns into an unexpected nightmare.",Nobody will love you like I do.,2022/1/28,/ri3KIjGp3Ek6iKUsTzMigmxTvdw.jpg,381.305,272,5.9,0,0,100,Released,FALSE,/cmRgcH2sOl5dZrOB1tAbZZn5e9b.jpg,"Drama, Horror",NA,NA
25853,Dahmer,Dahmer,en,"On February 15, 1992 in Milwaukee, Wisconsin, Jeffrey Dahmer, one of the world's most infamous serial killers, was convicted of 15 counts of murder and sentenced to 937 years in federal prison. This movie is based on events from his life.",The mind is a place of its own.,2002/6/21,/gZPrXBXYf2s4VztHdQpd0441jF6.jpg,378.39,220,5.2,250000,144008,101,Released,FALSE,/22KKqRN37JMGcY4hqPHXLnvCMFm.jpg,"Drama, Horror",NA,NA
945657,Titanic 666,Titanic 666,en,"After a mammoth cruise ship sails over the site of the Titanic’s disaster, dark and deadly events start to occur on board. As the ship’s captain investigates the tragic occurrences, it becomes clear that the passengers and crew from the original Titanic have returned.",NA,2022/4/15,/EX0ITg5YqDgFHjujpTNhEPaJSL.jpg,372.136,98,6,0,0,91,Released,FALSE,/5DCIRgOrCTayoCGggVn1kyqs1Vh.jpg,"Horror, Thriller",NA,NA
871832,Visitante,Visitor,es,"Marga, who’s in the middle of a marital crisis with her husband Daniel, decides to spend a few days alone in her old, family home. Once there, she starts to sense some strange and terrifying phenomena happening around her: an invisible entity seems to know a lot about her, among other things, that she’s having an affair with Carlos, an old friend from college.  Marga has fallen pregnant by Carlos and on the day she’s going to have a secret abortion, the entity won’t let her leave the house. On the verge of madness, Marga discovers a portal in the house that leads to another reality. In this reality lives her other self and she’s actually trying to warn herself that something terrible is about to happen to her, unless she makes a decision…",Another reality. Other fears.,2021/2/11,/bDJFx39hKbvMlEXZMcVAc00YeaB.jpg,358.179,7,6.1,0,0,99,Released,FALSE,/5wDyK62lGdgRh7rofKynqCbTuTA.jpg,Horror,NA,NA
610253,Halloween Kills,Halloween Kills,en,"The nightmare isn't over as unstoppable killer Michael Myers escapes from Laurie Strode's trap to continue his ritual bloodbath. Injured and taken to the hospital, Laurie fights through the pain as she inspires residents of Haddonfield, to rise up against Myers. Taking matters into their own hands, the Strode women and other survivors form a vigilante mob to hunt down Michael and end his reign of terror once and for all.",Evil dies tonight.,2021/10/14,/qmJGd5IfURq8iPQ9KF3les47vFS.jpg,315.027,1941,6.7,2.00E+07,131647155,105,Released,FALSE,/5P0PtxIneLNMq7m0crF1R9Sjzpv.jpg,"Horror, Thriller",91361,Halloween Collection
864370,咒,Incantation,zh,"Inspired by a true story of a family who believed they were possessed by spirits, this film follows a woman who must protect her child from a curse.  WARNING: This is a cursed video, it might contain certain risks to watch. For those who dares to follow, please solve the puzzle of my daughter's curse with me.",Do you believe in blessings?,2022/3/18,/6zltP23zLGPogsHZUazSrrwNuKs.jpg,313.282,339,6.9,0,5700000,111,Released,FALSE,/vqEX1uF3Spl12rOACQ3gJ6j4MSR.jpg,Horror,NA,NA
756681,Veneciafrenia,Veneciafrenia,es,A group of spanish tourists in Venice finds themselves fighting for their lives against locals that are not too keen on foreigners.,NA,2022/4/22,/luMC56bwZqaECYRz6X7sXjqN6nd.jpg,302.239,133,6.1,0,0,100,Released,FALSE,/egS5SHI4Ppwmb65lUjqsy79ASnN.jpg,Horror,NA,NA
632727,Texas Chainsaw Massacre,Texas Chainsaw Massacre,en,"After nearly 50 years of hiding, Leatherface returns to terrorize a group of idealistic influencers who accidentally disrupt his carefully shielded world in a remote Texas town.",The face of madness returns.,2022/2/18,/e8vYPpkUJpf5Ils99kxF0Ev73ay.jpg,293.443,958,5.3,2.00E+07,0,83,Released,FALSE,/aTSA5zMWlVFTYBIZxTCMbLkfOtb.jpg,"Horror, Thriller",111751,Texas Chainsaw Massacre Collection
646385,Scream,Scream,en,"Twenty-five years after a streak of brutal murders shocked the quiet town of Woodsboro, a new killer has donned the Ghostface mask and begins targeting a group of teenagers to resurrect secrets from the town’s deadly past.",It's always someone you know.,2022/1/12,/1m3W6cpgwuIyjtg5nSnPx7yFkXW.jpg,291.196,1732,6.7,2.40E+07,1.40E+08,114,Released,FALSE,/ifUfE79O1raUwbaQRIB7XnFz5ZC.jpg,"Horror, Mystery, Thriller",2602,Scream Collection
613093,Malnazidos,Valley of the Dead,es,"During the Spanish Civil War, sworn enemies must work together when they encounter flesh-eating zombies created in a Nazi experiment.",NA,2020/10/8,/avokvOwhjVR9GgISsSSgb2A343G.jpg,276.369,201,6.3,0,0,101,Released,FALSE,/h6XfgbzQEV4sitsIVY63pawLI0s.jpg,"Comedy, Horror, War",NA,NA
616820,Halloween Ends,Halloween Ends,en,"Four years after the events of Halloween in 2018, Laurie has decided to liberate herself from fear and rage and embrace life. But when a young man is accused of killing a boy he was babysitting, it ignites a cascade of violence and terror that will force Laurie to finally confront the evil she can’t control, once and for all.",NA,2022/10/12,/3aEJDJ9O8lsRMM9Xaxxm5kNyt0N.jpg,270.269,2,10,2.00E+07,0,111,Released,FALSE,/1UlTowc5vfrgXUVT6OnlU0TOiij.jpg,"Horror, Mystery, Thriller",91361,Halloween Collection
49690,Smile,Smile,it,A carefree summer vacation turns into an inescapable terror trap for a group of young students who buy a vintage instant camera from a mysterious local shop owner...,Point. Shoot. Die.,2009/8/28,/5Hk4ubepZZNwlNEbyYt2ejzCvr5.jpg,266.502,16,3.9,0,0,119,Released,FALSE,/9t60OgpIzoyLiL4nmQXb0ZNmbQA.jpg,"Horror, Thriller",NA,NA
21208,Orphan,Orphan,en,"After losing their baby, a married couple adopt 9-year old Esther, who may not be as innocent as she seems.",There's something wrong with Esther.,2009/7/24,/lCGpOgoTOGLtZnBiGY9HRg5Xnjd.jpg,265.858,4403,7,2.00E+07,77912251,123,Released,FALSE,/blJVWug8FJggb9gs6NuooyOWBTP.jpg,"Horror, Mystery, Thriller",760193,Orphan Collection
825808,See for Me,See for Me,en,"When blind former skier Sophie cat-sits in a secluded mansion, three thieves invade for the hidden safe. Sophie's only defense is army veteran Kelly, who she meets on the See For Me app. Kelly helps Sophie defend herself against the invaders and survive.",Seeing is surviving.,2022/1/7,/qk1ZERG6yhwAJqTobmDgw8jRL2C.jpg,254.809,110,6.1,0,0,92,Released,FALSE,/tzNx4y7kYf1Xw3F3T6QxrE7PPwb.jpg,"Crime, Drama, Horror, Mystery, Thriller",NA,NA
831410,Bring It On: Cheer or Die,Bring It On: Cheer or Die,en,"Held down by restrictive rules, an embattled cheerleading squad seeks the freedom of a creepy, closed school gym to practice for regionals, but when members of the squad start to disappear, the cheerleaders must unmask their assailant to save themselves.",Bring on the thrills. Bring on the kills. Bring on the cheer.,2022/9/27,/wiWPu2Csgu7mf2XnU6WLcND487q.jpg,253.614,34,6.2,0,0,0,Released,FALSE,/mYOooABOzWRaFMRWDhUAXiKuTaO.jpg,"Comedy, Horror, Thriller, TV Movie",430186,Bring It On Collection
833425,No Exit,No Exit,en,"Stranded at a rest stop in the mountains during a blizzard, a recovering addict discovers a kidnapped child hidden in a car belonging to one of the people inside the building which sets her on a terrifying struggle to identify who among them is the kidnapper.",Who will survive the dead of winter?,2022/2/25,/5cnLoWq9o5tuLe1Zq4BTX4LwZ2B.jpg,252.675,750,7,0,0,96,Released,FALSE,/2il2HT8v6NAN7oinOCuHKpEhgnB.jpg,"Horror, Mystery, Thriller",NA,NA
816977,They/Them,They/Them,en,Campers at an LGBTQ+ conversion camp endure unsettling psychological techniques while the campsite is stalked by a mysterious killer.,Fear doesn't discriminate.,2022/7/24,/85TJ4udfUOwFIlvQL6EMFvvbvN5.jpg,249.32,105,5.3,0,0,101,Released,FALSE,/5spmzlcl3GmtMwQfptTVgMwdM3.jpg,"Horror, Thriller",NA,NA
803114,The Requin,The Requin,en,"A couple on a romantic getaway find themselves stranded at sea when a tropical storm sweeps away their villa. In order to survive, they are forced to fight the elements, while sharks circle below.",Terror will surface.,2022/1/28,/i0z8g2VRZP3dhVvvSMilbOZMKqR.jpg,248.496,191,4.7,0,0,89,Released,FALSE,/eVSa4TpyXbOdk9fXSD6OcORJGtv.jpg,"Horror, Thriller",NA,NA
55341,Jeepers Creepers 3,Jeepers Creepers 3,en,"Taking place on the last day of the Creeper’s twenty-three-day feeding frenzy, as the skeptical Sergeant Tubbs teams up with a task force hellbent on destroying the Creeper for good. The Creeper fights back in gory glory as its enemies grow closer than ever before to learning the secret of its dark origins.",Third Time's the Charm,2017/9/26,/pK7ge28ubs45av9aGEbVWW7ZbA8.jpg,246.189,692,4.9,6200000,3600000,100,Released,FALSE,/l49X7KxytkRCdXrpAu92QqxVrN5.jpg,"Horror, Mystery, Thriller",94899,Jeepers Creepers Collection
423108,The Conjuring: The Devil Made Me Do It,The Conjuring: The Devil Made Me Do It,en,"Paranormal investigators Ed and Lorraine Warren encounter what would become one of the most sensational cases from their files. The fight for the soul of a young boy takes them beyond anything they'd ever seen before, to mark the first time in U.S. history that a murder suspect would claim demonic possession as a defense.",The demonic case that shocked America.,2021/5/25,/xbSuFiJbbBWCkyCCKIMfuDCA4yV.jpg,246.13,4689,7.6,3.90E+07,2.01E+08,111,Released,FALSE,/qi6Edc1OPcyENecGtz8TF0DUr9e.jpg,"Horror, Mystery, Thriller",313086,The Conjuring Collection
460458,Resident Evil: Welcome to Raccoon City,Resident Evil: Welcome to Raccoon City,en,"Once the booming home of pharmaceutical giant Umbrella Corporation, Raccoon City is now a dying Midwestern town. The company’s exodus left the city a wasteland…with great evil brewing below the surface. When that evil is unleashed, the townspeople are forever…changed…and a small group of survivors must work together to uncover the truth behind Umbrella and make it through the night.",Witness the beginning of evil.,2021/11/24,/7uRbWOXxpWDMtnsd2PF3clu65jc.jpg,245.332,1831,6.1,4.00E+07,38600612,107,Released,FALSE,/o76ZDm8PS9791XiuieNB93UZcRV.jpg,"Action, Horror, Science Fiction",NA,NA
960258,Shark Bait,Shark Bait,en,"A group of friends enjoying a weekend steal a couple of jetskis racing them out to sea, ending up in a horrific head-on collision. They struggle to find a way home with a badly injured friend while from the waters below predators lurk.",Terror runs deep.,2022/5/13,/bVUgMgVozyFScDM3quP412kXrT.jpg,242.754,163,6,0,0,87,Released,FALSE,/dvHKdXijoN1OEzGcPhd0eRvkfMd.jpg,"Action, Adventure, Horror, Thriller",NA,NA
639721,The Addams Family 2,The Addams Family 2,en,The Addams get tangled up in more wacky adventures and find themselves involved in hilarious run-ins with all sorts of unsuspecting characters.,Unhappy to see you again.,2021/10/1,/ld7YB9vBRp1GM1DT3KmFWSmtBPB.jpg,241.156,953,7.1,0,119815153,93,Released,FALSE,/9e6wp707XMouPG939o2fHunXXJR.jpg,"Adventure, Animation, Comedy, Family, Fantasy, Horror",750822,The Addams Family (Animated) Collection
474350,It Chapter Two,It Chapter Two,en,"27 years after overcoming the malevolent supernatural entity Pennywise, the former members of the Losers' Club, who have grown up and moved away from Derry, are brought back together by a devastating phone call.",You'll Float Again,2019/9/4,/zfE0R94v1E8cuKAerbskfD3VfUt.jpg,230.451,7221,6.9,7.90E+07,473122525,170,Released,FALSE,/8moTOzunF7p40oR5XhlDvJckOSW.jpg,"Fantasy, Horror",477962,It Collection
852485,She Will,She Will,en,"Veronica, an aging film star, retreats to the Scottish countryside with her nurse Desi to recover from  a double mastectomy. While there, mysterious forces give Veronica the power to enact revenge within her dreams.",Unleash the past.,2022/7/15,/cbN1YWgBmwqGzqF6ZTsM96dub4r.jpg,229.223,24,5.6,0,40958,95,Released,FALSE,/ceSQcIWWKSwubn4ny8BlWtE5q7u.jpg,"Drama, Horror, Thriller",NA,NA
895744,Studio 666,Studio 666,en,"Legendary rock band Foo Fighters move into an Encino mansion steeped in grisly rock and roll history to record their much anticipated 10th album. Once in the house, Dave Grohl finds himself grappling with supernatural forces that threaten both the completion of the album and the lives of the band.",He gives new meaning to a killer track.,2022/2/24,/zD2XyaV6eGEEgEzVnjg0hQVR5yz.jpg,227.919,106,6.3,0,3000776,106,Released,FALSE,/ppNyhrKHCeEgASliV4QN03bp6QR.jpg,"Comedy, Horror, Music",NA,NA
708471,El último zombi,The Last Zombie,es,NA,Soon we will all be...,2021/12/2,/yM8a1dDRsJUhq1xKxq1UNdWXpod.jpg,226,3,5.7,0,0,85,Released,FALSE,/eHRtXoPDAUUX7LWXvQfFAK2nFkG.jpg,Horror,NA,NA
869399,La pasajera,The Passenger,es,"Four people traveling in a van run over a lone woman while she is walking in the dark down a country road. After loading her into the vehicle to take her to the nearest hospital, they notice that she is behaving rather strangely. The occupants of the van soon realise that the time has come to fight for their lives, and together they agree on one very simple rule: ""do not sit next to her.""",Don't sit next to her,2022/6/3,/6bYCDIYqT3GpE6ICnMP6HvUlJMT.jpg,220.766,25,6.4,0,0,90,Released,FALSE,/9hhRzLzP1enjENXiGJocAHyWFmS.jpg,Horror,NA,NA
697799,WarHunt,WarHunt,en,"1945. A U.S. military cargo plane loses control and violently crashes behind enemy lines in the middle of the German black forest. Major Johnson sends a squad of his bravest soldiers on a rescue mission to retrieve the top-secret material the plane was carrying, led by Sergeants Brewer and Walsh. They soon discover hanged Nazi soldiers and other dead bodies bearing ancient, magical symbols. Suddenly their compasses fail, their perceptions twist and straying from the group leads to profound horrors as they are attacked by a powerful, supernatural force.",The war was just the beginning.,2022/1/21,/9HFFwZOTBB7IPFmn9E0MXdWave3.jpg,215.537,60,5.1,0,0,93,Released,FALSE,/mTupUmnuwwAyA0CNqpwaZn5mqjk.jpg,"Action, Fantasy, Horror, Thriller, War",NA,NA
632357,The Unholy,The Unholy,en,"Alice is young hearing-impaired girl who, after a supposed visitation from the Virgin Mary, is inexplicably able to hear, speak and heal the sick. As word spreads and people from near and far flock to witness her miracles, a disgraced journalist hoping to revive his career visits the small New England town to investigate. When terrifying events begin to happen all around, he starts to question if these phenomena are the works of the Virgin Mary or something much more sinister.",Be careful who you pray to.,2021/3/31,/bShgiEQoPnWdw4LBrYT5u18JF34.jpg,207.113,1737,6.7,1.00E+07,30833138,99,Released,FALSE,/jw6ASGRT2gi8EjCImpGtbiJ9NQ9.jpg,"Horror, Mystery",NA,NA
814800,Goodnight Mommy,Goodnight Mommy,en,"When twin brothers arrive home to find their mother’s demeanor altered and face covered in surgical bandages, they begin to suspect the woman beneath the gauze might not be their mother.",The darkest family secrets stay under wraps.,2022/9/16,/oHhD5jD4S5ElPNNFCDKXJAzMZ5h.jpg,198.775,159,6.2,0,0,91,Released,FALSE,/aCaqCvYn48b3lfGKGnUdVAE1yeB.jpg,"Drama, Horror, Thriller",NA,NA
893370,Virus :32,Virus:32,es,A virus is unleashed and a chilling massacre runs through the streets of Montevideo.,32 seconds to live or die.,2022/4/21,/qDNZWDJGU2LTPpPpVGPQMxKv8xl.jpg,198.632,155,7.2,0,0,90,Released,FALSE,/i0zbSmiyyylh7H3Qb4jgscz46Pm.jpg,Horror,NA,NA
602223,The Forever Purge,The Forever Purge,en,All the rules are broken as a sect of lawless marauders decides that the annual Purge does not stop at daybreak and instead should never end as they chase a group of immigrants who they want to punish because of their harsh historical past.,The rules are broken.,2021/6/30,/lB068qa6bQ0QKYKyC2xnYGvYjl7.jpg,198.269,1904,7.2,1.80E+07,76994245,103,Released,FALSE,/ciKBP3tgzUxp7sHFNZxofBXUS8k.jpg,"Action, Horror, Thriller",256322,The Purge Collection
482373,Don't Breathe 2,Don't Breathe 2,en,"The Blind Man has been hiding out for several years in an isolated cabin and has taken in and raised a young girl orphaned from a devastating house fire. Their quiet life together is shattered when a group of criminals kidnap the girl, forcing the Blind Man to leave his safe haven to save her.",Bad things happen to bad people.,2021/8/12,/r7HEBkkRN93d3eFBZgPJfRaob5p.jpg,196.003,1847,7.3,1.00E+07,4.50E+07,98,Released,FALSE,/zHeJ1H3PiOFxmWgEBsp2jA3qetK.jpg,"Horror, Thriller",748919,Don't Breathe Collection
8922,Jeepers Creepers,Jeepers Creepers,en,A brother and sister driving home through an isolated countryside from college encounter a flesh-eating creature in the midst of its ritualistic eating spree.,What’s eating you?,2001/7/1,/g410Y1U1ELbmJG14Zru3UAimm1G.jpg,195.983,2395,6.4,1.00E+07,59217789,90,Released,FALSE,/kzXww7ArcNNuyIC3m9q6cXLk6Mj.jpg,"Horror, Thriller",94899,Jeepers Creepers Collection
531219,Roald Dahl's The Witches,Roald Dahl's The Witches,en,"In late 1967, a young orphaned boy goes to live with his loving grandma in the rural Alabama town of Demopolis. As the boy and his grandmother encounter some deceptively glamorous but thoroughly diabolical witches, she wisely whisks him away to a seaside resort. Regrettably, they arrive at precisely the same time that the world's Grand High Witch has gathered.",They're real!,2020/10/25,/b1C0FuXp4wiPmHLVKq4kwtDMgK6.jpg,192.006,2331,6.4,0,26900000,106,Released,FALSE,/8rIoyM6zYXJNjzGseT3MRusMPWl.jpg,"Adventure, Comedy, Family, Fantasy, Horror",NA,NA
820511,Ripper Untold,Ripper Untold,en,A detective and a medical examiner join forces to solve a series of horrific murders in Victorian London - but one of them harbors a deadly secret.,No one is safe.,2021/6/28,/eJ0q6GIac00TvanshEDREQ79mpz.jpg,187.478,107,6.2,0,0,85,Released,FALSE,/bNnNlUjf16ahEw0uv39NUeQ35YR.jpg,Horror,NA,NA
982543,V for Vengeance,V for Vengeance,en,"After learning that their younger sibling escaped an earlier kidnapping attempt that also killed their parents, two estranged sisters must join forces to rescue her from a group of bloodthirsty vampires. Out for revenge and control of a vampirism vaccine, Thorn and his band of the undead soon learn that they messed with the wrong family.",NA,2022/6/7,/jLtP8TLycVzLUlkkhp8PipXfUh6.jpg,185.965,49,6.8,0,0,85,Released,FALSE,/zSDyqp2mhV45ZjI1EUBMfzupKKt.jpg,"Action, Horror",NA,NA
138843,The Conjuring,The Conjuring,en,"Paranormal investigators Ed and Lorraine Warren work to help a family terrorized by a dark presence in their farmhouse. Forced to confront a powerful entity, the Warrens find themselves caught in the most terrifying case of their lives.",Based on the true case files of the Warrens,2013/7/18,/wVYREutTvI2tmxr6ujrHT704wGF.jpg,173.527,9735,7.5,1.30E+07,319494638,112,Released,FALSE,/aQCCpAIdWAp6wyFgjMry4okwrZo.jpg,"Horror, Thriller",313086,The Conjuring Collection
11351,Jeepers Creepers 2,Jeepers Creepers 2,en,"When their bus is crippled on the side of a deserted road, a team of high school athletes discover an opponent they cannot defeat – and may not survive. Staring hungrily at them through the school bus windows, the ""Creeper"" returns again and again. But when the teammates discover that it’s selective about whom it attacks, it will test their ability to stick together – as the insatiable menace tries to tear them apart!",He can taste your fear.,2003/8/8,/u2ghDfjcs3y5c8ata3COc4pWiAN.jpg,169.063,1287,6.1,1.70E+07,63102666,104,Released,FALSE,/pPZUYQx5PuH4xkXkFizirTd0ey1.jpg,Horror,94899,Jeepers Creepers Collection
830788,The Invitation,The Invitation,en,"After the death of her mother, Evie is approached by an unknown cousin who invites her to a lavish wedding in the English countryside. Soon, she realizes a gothic conspiracy is afoot and must fight for survival as she uncovers twisted secrets in her family’s history.",You are cordially invited to a nightmare generations in the making.,2022/8/24,/jcTq6gIskCsHlKDvCKKouEfiU66.jpg,168.001,176,6.3,1.00E+07,3.00E+07,105,Released,FALSE,/yo0qfH2dQGGMxkfivdkz5zxVatD.jpg,"Horror, Thriller",NA,NA
897424,Dark Cloud,Dark Cloud,en,"Following the aftermath of a horrific accident, a woman is voluntarily subjected to artificial intelligence for rehabilitation.",NA,2022/5/9,/q1ngkvPCnOYKeyNZjg8QqvaSnuZ.jpg,167.344,60,6.6,0,0,81,Released,FALSE,/qhRQLTYnGWvI4nYE05DaDjgvCna.jpg,"Horror, Science Fiction, Thriller",NA,NA
829358,Queen of Spades,Queen of Spades,en,"According to legend, an ominous entity known as the Queen of Spades can be summoned by performing an ancient ritual. Four teenagers summon the Queen of Spades, but they could never imagine the horrors that await them.",She will reign.,2021/6/11,/4IKBzVBPLXu9p5cfEfdJjHdlafV.jpg,164.687,66,6.6,0,0,91,Released,FALSE,/5UANdP8xXHyVOGknfJlzQ7muLj3.jpg,Horror,NA,NA
926762,Living with Chucky,Living with Chucky,en,"A filmmaker who grew up alongside Chucky the killer doll seeks out the other families surrounding the Child's Play films as they recount their experiences working on the ongoing franchise and what it means to be a part of the, ""Chucky"" family.",It Isn't Child's Play,2022/8/13,/gYmB6qXGh0dECa3g5MqsUMwLcXZ.jpg,163.646,2,2,0,0,105,Released,FALSE,NA,"Documentary, Horror",NA,NA
870671,The Hunting,The Hunting,en,"When a mysterious animal attack leaves a mutilated body in the forest, a conservative small town detective must enlist the help of an eager wildlife specialist to uncover the dark and disturbing truth that threatens the town.",Hunger runs deep.,2022/1/21,/kvhrltQIRp1u84ao9uj52YPaWNY.jpg,163.448,28,4.9,0,0,91,Released,FALSE,/q2KFBGyUSzHDhNqXEYv2LqTWVSz.jpg,Horror,NA,NA
938596,Bull Shark,Bull Shark,en,A hungry shark begins feeding on some unsuspecting lake goers in a small Texas town.,NA,2022/2/5,/wGE4ImqYjJZQi3xFu4I2OLm8m0w.jpg,161.874,52,5.5,0,0,80,Released,FALSE,/mzfxTIA4vsPwdXC5zUZbDOSwTr3.jpg,"Horror, Thriller",NA,NA
424139,Halloween,Halloween,en,"Jamie Lee Curtis returns to her iconic role as Laurie Strode, who comes to her final confrontation with Michael Myers, the masked figure who has haunted her since she narrowly escaped his killing spree on Halloween night four decades ago.",Face Your Fate.,2018/10/18,/f7JAX5EGk4GgsEnus6OxyzwpFp7.jpg,158.374,3974,6.5,1.00E+07,253688035,106,Released,FALSE,/crn09DUYgmFUPbOroxt1tQSoi0r.jpg,"Horror, Thriller",91361,Halloween Collection
520763,A Quiet Place Part II,A Quiet Place Part II,en,"Following the events at home, the Abbott family now face the terrors of the outside world. Forced to venture into the unknown, they realize that the creatures that hunt by sound are not the only threats that lurk beyond the sand path.",Silence is not enough.,2021/5/21,/4q2hz2m8hubgvijz8Ez0T2Os2Yv.jpg,153.956,4721,7.6,6.10E+07,297372261,97,Released,FALSE,/rBWF1zHdU2abEfmhAoLMr3PUJC5.jpg,"Horror, Science Fiction, Thriller",521226,A Quiet Place Collection
609972,Paranormal Activity: Next of Kin,Paranormal Activity: Next of Kin,en,"Margot, a documentary filmmaker, heads to a secluded Amish community in the hopes of learning about her long-lost mother and extended family. Following a string of strange occurrences and discoveries, she comes to realize this community may not be what it seems.",The activity is reborn.,2021/10/29,/bXAVveHiLotZbWdg3PKGhAzxYKP.jpg,149.767,426,6.4,0,0,98,Released,FALSE,/39EQTf94Lckdo8yzS1CdWQSgmen.jpg,"Horror, Mystery, Thriller",41437,Paranormal Activity Collection
631843,Old,Old,en,A group of families on a tropical holiday discover that the secluded beach where they are staying is somehow causing them to age rapidly – reducing their entire lives into a single day.,It's only a matter of time.,2021/7/21,/vclShucpUmPhdAOmKgf3B3Z4POD.jpg,148.823,3080,6.5,1.80E+07,90112510,108,Released,FALSE,/iTgM25ftE7YtFgZwUZupVp8A61S.jpg,"Horror, Mystery, Thriller",NA,NA
522444,Black Water: Abyss,Black Water: Abyss,en,"An adventure-loving couple convince their friends to explore a remote, uncharted cave system in the forests of Northern Australia. With a tropical storm approaching, they abseil into the mouth of the cave, but when the caves start to flood, tensions rise as oxygen levels fall and the friends find themselves trapped. Unknown to them, the storm has also brought in a pack of dangerous and hungry crocodiles.",Descend into fear,2020/7/9,/pmAv14TPE2vKMIRrVeCd1Ll7K94.jpg,147.567,351,5.1,0,0,98,Released,FALSE,/fRrpOILyXuWaWLmqF7kXeMVwITQ.jpg,"Adventure, Horror, Mystery, Thriller",730166,Black Water Collection
633802,Приворот. Чёрное венчание,Dark Spell,ru,Terror strikes when a heartbroken woman uses black magic to get her husband back.,Until Death Tears Them Apart,2021/2/11,/2AbGdSGlU6CpiV3lswHUgE5CdAA.jpg,146.99,120,6.8,0,532054,92,Released,FALSE,/o2OSpKzXuB1edCDyVC2MXAxXwyJ.jpg,"Fantasy, Horror, Mystery, Romance, Thriller",NA,NA
926899,The House,The House,en,"Across different eras, a poor family, an anxious developer and a fed-up landlady become tied to the same mysterious house in this animated dark comedy.",Three visionary tales. One unforgettable place.,2022/1/14,/iZjMFSKCrleKolC1gYcz5Rs8bk1.jpg,145.57,740,7,0,0,97,Released,FALSE,/hk4PwhKhT7q7jp1lvA8aiYqDluy.jpg,"Animation, Comedy, Drama, Fantasy, Horror",NA,NA
159211,The Haunting of Helena,The Haunting of Helena,en,"After a divorce, Sophia moves to the south of Italy with her daughter, Helena. Their new home, an apartment within an austere building of the fascist age, is a chance for them to start a new life. But inside an old storage room hides a mysterious closet and a buried secret. After the loss of Helena’s first baby tooth, a chilling obsession begins and an apparition haunts her sleep...",She's coming for her.,2013/1/14,/iB8rf8FYHGlrbmLybCo6Mpg8hNt.jpg,142.934,129,5.5,0,0,87,Released,FALSE,/uEWCi9fc89m9qS5SNshlvxkSsLJ.jpg,"Horror, Thriller",NA,NA
75624,劇場版 NARUTO -ナルト- ブラッド・プリズン,Naruto Shippuden the Movie: Blood Prison,ja,"After his capture for attempted assassination of the Raikage, leader of Kumogakure, as well as killing Jōnin from Kirigakure and Iwagakure, Naruto is imprisoned in Hōzukijou: A criminal containment facility known as the Blood Prison. Mui, the castle master, uses the ultimate imprisonment technique to steal power from the prisoners, which is when Naruto notices his life has been targeted. Thus begins the battle to uncover the truth behind the mysterious murders and prove Naruto's innocence.",NA,2011/7/30,/4WT7zYFpe0fsbg6TitppiHddWAh.jpg,142.096,404,7.2,0,0,108,Released,FALSE,/Abv3ZtGV2NXxPimArb3LDLg2bDH.jpg,"Action, Animation, Comedy, Horror, Mystery, Thriller",23616,Naruto Collection
11932,Bride of Chucky,Bride of Chucky,en,"Chucky hooks up with another murderous doll, the bridal gown-clad Tiffany, for a Route 66 murder spree with their unwitting hosts.",Chucky gets lucky.,1998/10/16,/mAGviFp1ufYM3EaZBSrjPiKPBt6.jpg,139.831,1495,6,2.50E+07,50671850,89,Released,FALSE,/9gDzYmuy4Gait4GgeGiKdh68XvF.jpg,"Comedy, Horror",10455,Child's Play Collection
666479,Sonríe,Sonríe,eo,Murder collective maintains a compound where they film all the murders and mayhem they commit.,NA,2012/10/23,/rbqT3aUm4nMiBhpquxWnxGZRDjW.jpg,138.633,1,2,0,0,0,Released,FALSE,NA,Horror,NA,NA
23823,Wrong Turn 3: Left for Dead,Wrong Turn 3: Left for Dead,en,"A group of people find themselves trapped in the backwoods of West Virginia, fighting for their lives against a group of vicious and horribly disfigured inbred cannibals.",What you don't see will kill you.,2009/10/20,/84s4LMWuGbm4xPWW5PSbHyQhh33.jpg,138.012,904,5.6,3.00E+06,0,91,Released,FALSE,/jncviKGvFlxdeh6vYWe9g4LmG3j.jpg,"Horror, Thriller",52985,Wrong Turn Collection
775943,Llanto Maldito,Tarumama,es,"Sara and Óscar, a couple going through a marital crisis, decide to spend a week in a remote country cabin with their two children, Alicia and Tomás. The family tries to have a quiet time, but something strange happens there. There is a woman who prowls through the forest and cries uncontrollably looking for a baby she has just lost. This deeply affects the family who will have to stay together to survive this nightmare.",NA,2021/7/29,/yDCIUtqZDc9JCKuxRGiqwMuDjUE.jpg,137.971,27,4.5,0,0,90,Released,FALSE,/oHBvyYLhYQqMIvMVD09wLAAl0LG.jpg,"Drama, Horror",NA,NA
259693,The Conjuring 2,The Conjuring 2,en,Lorraine and Ed Warren travel to north London to help a single mother raising four children alone in a house plagued by malicious spirits.,The next true story from the case files of Ed and Lorraine Warren.,2016/6/8,/zEqyD0SBt6HL7W9JQoWwtd5Do1T.jpg,137.18,7061,7.3,4.00E+07,320392818,134,Released,FALSE,/4mfFtlGeInPrQVm1hpv7th02yjx.jpg,"Horror, Thriller",313086,The Conjuring Collection
72190,World War Z,World War Z,en,"Life for former United Nations investigator Gerry Lane and his family seems content. Suddenly, the world is plagued by a mysterious infection turning whole human populations into rampaging mindless zombies. After barely escaping the chaos, Lane is persuaded to go on a mission to investigate this disease. What follows is a perilous trek around the world where Lane must brave horrific dangers and long odds to find answers before human civilization falls.",Remember Philly!,2013/6/20,/1SWBSYJsnyhdNRfLI1T6RsCxAQ4.jpg,131.399,13440,6.8,2.00E+08,531865000,116,Released,FALSE,/zxpEFyKDxaU8kjMB3vWao7B5V2p.jpg,"Action, Drama, Horror, Science Fiction, Thriller",NA,NA
439079,The Nun,The Nun,en,"When a young nun at a cloistered abbey in Romania takes her own life, a priest with a haunted past and a novitiate on the threshold of her final vows are sent by the Vatican to investigate. Together they uncover the order’s unholy secret. Risking not only their lives but their faith and their very souls, they confront a malevolent force in the form of the same demonic nun that first terrorized audiences in “The Conjuring 2” as the abbey becomes a horrific battleground between the living and the damned.",Pray For Forgiveness,2018/9/5,/sFC1ElvoKGdHJIWRpNB3xWJ9lJA.jpg,131.032,5393,5.8,2.20E+07,365550119,96,Released,FALSE,/fgsHxz21B27hOOqQBiw9L6yWcM7.jpg,"Horror, Mystery, Thriller",968052,The Nun Collection
854535,The Legacy of Chucky,The Legacy of Chucky,en,"A celebration of the 30+ year legacy of the Child’s Play franchise and iconic character, Chucky, with never-before-seen interviews with franchise creator and actors.",NA,2021/7/25,/xDUsJtuTuwmBeQPAiYqLD490sSF.jpg,128.64,12,6.4,0,0,10,Released,FALSE,/iSzNj1WBYQ8RUBHJJL7AO9QwDnF.jpg,"Documentary, Horror",NA,NA
811072,Dos,Two,es,"Two people, a man and a woman, wake up naked and with their abdomens attached to each other.",NA,2021/7/23,/5P7QwmoYl70tsRZ8e0VnI9RI1MF.jpg,127.062,266,5.4,0,0,71,Released,FALSE,/Aqp47Dbz8f1wnVU1qKvFFXQFROr.jpg,"Horror, Thriller",NA,NA
184345,A Haunted House 2,A Haunted House 2,en,"After exorcising the demons of his ex-, Malcolm starts afresh with his new girlfriend and her two children. After moving into their dream home, Malcolm is once again plagued by bizarre paranormal events.",It'll scare the #2 out of you.,2014/4/17,/oV7M00fPXy5P0nbdeMbSUjYv0vx.jpg,125.807,1126,6,4.00E+06,25343661,87,Released,FALSE,/6gycezbvc8iHSune1Evq79dcYIY.jpg,"Comedy, Horror",251937,A Haunted House Collection
71672,Wrong Turn 4: Bloody Beginnings,Wrong Turn 4: Bloody Beginnings,en,"A group of friends take refuge in a deserted sanatorium after they are left stranded in a snowstorm. Later, the place becomes a death trap when man-eating cannibals surround them.",Frost Is Not The Only Thing That Bites In the Snow!,2011/10/17,/r1JNXwJkKO696NlGTyqkw96yoT9.jpg,125.455,857,5.7,3.00E+06,0,93,Released,FALSE,/8rLQnFUh8R3glHBRuZ2j0dXJX9o.jpg,"Horror, Thriller",52985,Wrong Turn Collection
13186,Wrong Turn 2: Dead End,Wrong Turn 2: Dead End,en,Retired military commander Colonel Dale Murphy hosts the simulated post-apocalyptic reality show where participants are challenged to survive a remote West Virginia wasteland. But the show turns into a nightmarish showdown when each realizes they are being hunted by an inbred family of cannibals determined to make them all dinner!,Evil Awaits.,2007/8/25,/nptL3mMWNNssU78Lcfb3LaXQEqu.jpg,123.581,1084,6,4.00E+06,0,96,Released,FALSE,/o2SeAw8ARPB1D8oudCRJcxW3w60.jpg,"Horror, Thriller",52985,Wrong Turn Collection
943221,Mal de Ojo,Mal de Ojo,es,"Nala, a thirteen-year-old girl from the city, travels with her family to her grandmother's home in the countryside, to try to find a cure for her little sister's mysterious illness - But she'll soon find her granny is not exactly what she seems...",NA,2022/9/22,/tshEIrdYNHQYubiiRz8mRZR6KQA.jpg,122.085,4,3.3,0,0,0,Released,FALSE,/xOcwcyLM2lqXCrZG8AIHC8DXElF.jpg,Horror,NA,NA
504175,Chucky's Vacation Slides,Chucky's Vacation Slides,en,"Chucky, Tiffany and Glen tell about their travels.",NA,2005/6/7,/jY94G1fgaHkejIQW22XMoGE5mkA.jpg,119.795,7,6.3,0,0,3,Released,FALSE,NA,"Comedy, Horror",NA,NA
561,Constantine,Constantine,en,"John Constantine has literally been to Hell and back. When he teams up with a policewoman to solve the mysterious suicide of her twin sister, their investigation takes them through the world of demons and angels that exists beneath the landscape of contemporary Los Angeles.","Hell wants him, Heaven won't take him, Earth needs him.",2005/2/8,/vPYgvd2MwHlxTamAOjwVQp4qs1W.jpg,119.677,5863,7,1.00E+08,230884728,121,Released,FALSE,/tIG8FwHRiHLOlWJdizp2oxdkSL2.jpg,"Action, Fantasy, Horror",1025281,Constantine Collection
516329,Antlers,Antlers,en,"A small-town Oregon teacher and her brother, the local sheriff, discover a young student is harbouring a dangerous secret that could have frightening consequences.",Pray it desires not you.,2021/10/28,/cMch3tiexw3FdOEeZxMWVel61Xg.jpg,119.584,782,6.3,0,18312201,99,Released,FALSE,/9fzNf2QcsHVvdx5g5QUOgAWpADw.jpg,"Drama, Horror, Mystery",NA,NA
630586,Wrong Turn,Wrong Turn,en,"Jen and a group of friends set out to hike the Appalachian Trail. Despite warnings to stick to the trail, the hikers stray off course—and cross into land inhabited by The Foundation, a hidden community of mountain dwellers who use deadly means to protect their way of life.",This land is their land.,2021/1/26,/4U1SBHmwHkNA0eHZ2n1CuiC1K1g.jpg,119.017,804,6,0,3777969,110,Released,FALSE,/6XVqVAMOsKL5C26pHesiAawuGYW.jpg,"Horror, Thriller",NA,NA
360784,Hidden,Hidden,en,A family takes refuge in a fallout shelter to avoid a dangerous outbreak.,Fear will find you.,2015/9/15,/oiNc4aTeaUMVNkxL0UWnezmKJgM.jpg,117.32,712,6.8,0,0,83,Released,FALSE,/6yIdUIeAXfqUzH93CGDWHsj44AG.jpg,"Horror, Thriller",NA,NA
345940,The Meg,The Meg,en,"A deep sea submersible pilot revisits his past fears in the Mariana Trench, and accidentally unleashes the seventy foot ancestor of the Great White Shark believed to be extinct.",Chomp On This,2018/8/9,/xqECHNvzbDL5I3iiOVUkVPJMSbc.jpg,116.512,6068,6.2,1.50E+08,530243742,113,Released,FALSE,/ibKeXahq4JD63z6uWQphqoJLvNw.jpg,"Action, Horror, Science Fiction",742536,The Meg Collection
393345,Cult of Chucky,Cult of Chucky,en,"Confined to an asylum for the criminally insane, Nica Pierce is convinced that she, not Chucky, murdered her entire family. But when the psychiatrist introduces a new therapeutic ""Good Guy"" doll with a familiar face, a string of new, grisly deaths leads Nica to wonder if she isn't crazy after all.",You may feel a little prick,2017/10/23,/r5JUiMYfatwYeDkxkLWYUx5GIjY.jpg,116.318,959,5.8,6500000,2200000,91,Released,FALSE,/2sHD7FUlgyy1TBAxPtzLF4yDb2D.jpg,"Horror, Thriller",10455,Child's Play Collection
481084,The Addams Family,The Addams Family,en,"The Addams family's lives begin to unravel when they face-off against a treacherous, greedy crafty reality-TV host while also preparing for their extended family to arrive for a major celebration.",Think your family is weird?,2019/10/10,/q1epO0eO8DWu8Vo8tPfvVlzW48T.jpg,116.021,1851,6.6,4.00E+07,203044905,86,Released,FALSE,/uCAy0n0WHTGU4d3LMJtE0fQxCej.jpg,"Animation, Comedy, Family, Fantasy, Horror",750822,The Addams Family (Animated) Collection
672582,The Deep House,The Deep House,en,"While diving in a remote French lake, a couple of YouTubers who specialize in underwater exploration videos discover a house submerged in the deep waters. What was initially a unique finding soon turns into a nightmare when they discover that the house was the scene of atrocious crimes. Trapped, with their oxygen reserves falling dangerously, they realize the worst is yet to come: they are not alone in the house.",Breathe while you still can.,2021/6/30,/5xhAPxRr64oQPEFnUOrttuI4ZEU.jpg,115.268,717,6.3,0,0,81,Released,FALSE,/yL9RRZbDVbptqLwiZcK304ck4PL.jpg,Horror,NA,NA
125509,Wrong Turn 5: Bloodlines,Wrong Turn 5: Bloodlines,en,"A small West Virginia town is hosting the legendary Mountain Man Festival on Halloween, where throngs of costumed party goers gather for a wild night of music and mischief. But an inbred family of hillbilly cannibals kill the fun when they trick and treat themselves to a group of visiting college students.",The inbred hillbillies are back!,2012/10/23,/i9prGtsGbWzaH30bp8TXPEs6QGm.jpg,112.707,750,5.4,3.00E+06,0,91,Released,FALSE,/1dFKtwFarEj47JRJHe9dPpMLyQF.jpg,"Horror, Thriller",52985,Wrong Turn Collection
523936,Méandre,Meander,fr,"After getting a car ride from an unknown man, Lisa wakes up in a tube. On her arm is strapped a bracelet with a countdown. She quickly understands that every 8 minutes, fire burns an occupied section. She has no choice but to crawl into safe sections to survive. To know why she’s there and how to get out, Lisa will have to face the memories of her dead daughter…",You have just woken up stuck in a pipe full of deadly traps. How far will you go?,2021/5/26,/2OTIAx8AmwGCaXmq5ohQCyPUjdC.jpg,112.295,284,6,0,7.00E+05,91,Released,FALSE,/qOnLuCJDFhRzbWzhpA4aoK75vfY.jpg,"Drama, Horror, Science Fiction, Thriller",NA,NA
591273,Fear Street: 1994,Fear Street: 1994,en,"After a series of brutal slayings, a teen and her friends take on an evil force that's plagued their notorious town for centuries.",Face the evil.,2021/6/28,/9J9Wy39ZjrVmfk7yMkulpcI5sy0.jpg,111.397,1708,6.8,0,0,107,Released,FALSE,/5C8bfwglg91uZhc2fbfpSjNGamV.jpg,"Fantasy, Horror, Mystery",790370,Fear Street Collection
774021,Demonic,Demonic,en,A young woman unleashes terrifying demons when supernatural forces at the root of a decades-old rift between mother and daughter are ruthlessly revealed.,"It's not a dream, it's not reality.",2021/7/29,/pUK9duiCK1PKqWA5rRQ4XBMHITH.jpg,110.83,153,4.9,0,0,104,Released,FALSE,/tFBVXnqmsmoSFR3rbltTfdGIMgV.jpg,"Drama, Horror, Science Fiction",NA,NA
22894,Legion,Legion,en,"When God loses faith in humankind, he sends his legion of angels to bring on the Apocalypse. Humanity's only hope for survival lies in a group of strangers trapped in an out-of-the-way, desert diner with the Archangel Michael.","When the last angel falls, the fight for mankind begins.",2010/1/21,/ykocDqwg5PRUopnBVb1x1DWnEJF.jpg,110.404,2190,5.8,2.60E+07,67918658,100,Released,FALSE,/jGyIsNQBQ17G92ZxuTErrMl6W1e.jpg,"Action, Fantasy, Horror",NA,NA